index,ref_hash
0,5985955315922016858
1,3495138753934244284
2,4575097543204325766
3,159709101237949179
4,9010192585152957906
5,2073964915358939801
6,5052502653559112559
7,6579851564149191244
8,8049112919463752371
9,1111477010090993109
10,5582419017996586202
11,2907525373355686089
12,7465588550037204321
13,7772065934390265513
14,9038071659805917441
15,6402474393495833234
16,8605015072112943166
17,2573283596880440261
18,950177804801217441
19,425949314369459935
20,7348364768494149850
21,4680689777146626174
22,7384924579617826679
23,5167085149077270427
24,6873184058458242102
25,2109984050143647827
26,5313413207872455501
27,2836300099555285563
28,4955878666717903101
29,8482354472971842148
30,6009635599548176804
31,2696447090431774668
32,4053768782876773466
33,7027870229058875358
34,4221262777783006567
35,7819620073831759564
36,4965941971729142032
37,4213883414282812629
38,4262206262468445158
39,4964955481315767467
40,3617683841891240532
41,8327054051620493937
42,5052167809330538105
43,882991292308281368
44,2589242192272056098
45,8034495818207507841
46,956124418752166566
47,8449024623631636176
48,4792437288554339151
49,7992500692891750156
50,3916646692902194392
51,2658372144787199672
52,6995000706324821561
53,6358662236722758527
54,1097230969066378568
55,6218923456581765312
56,4443975561255748249
57,3302916125997648005
58,3791433263852292321
59,2507921126878584367
60,1564510369894543259
61,7076077247327981623
62,2867753378379878636
63,5592365686846107861
64,2458729398773911987
65,4663438517404986663
66,8451904820048295382
67,3645326238969634883
68,5150982382042697890
69,916006016847002680
70,7036274195442756191
71,4508866767103575255
72,1842726127959508042
73,7965663910070248305
74,5225998269917913799
75,8423463692733243893
76,959496086195445309
77,861402985308629646
78,874472560700621693
79,3514774933814253711
80,2070773048215469687
81,1640972863606433152
82,975008076709449550
83,5596281328512226214
84,5490392413503839862
85,9181548716718884335
86,1925256261601220528
87,3647386279147961559
88,388368858637839293
89,6076476281515761895
90,540883951933105806
91,4402923275575285127
92,3293442798016733621
93,646586658974314918
94,6655250143430288420
95,3627063962026661047
96,9055622860769754515
97,974839856154464151
98,6353239109386805781
99,5179767384562330942
100,7016064065525137559
101,7506673095137360414
102,6900358514532713827
103,8102383471711229714
104,807205900471622518
105,6240364710837726908
106,224078531149483006
107,3565330153853151027
108,6237426029079961983
109,1719115987196841470
110,5343682939843564612
111,2017960937163096356
112,2039684435174925508
113,41221973252860379
114,485277468321583889
115,8445693634592203149
116,3776312577643740290
117,3965142067487188087
118,2586276789500970716
119,2700065384365939707
120,7375291625821275340
121,5273676100471495653
122,5039978760671820034
123,3079299688180527129
124,7322595165486806696
125,7675440437497059324
126,7467707399208977161
127,1764163977404237525
128,8040249029148586364
129,420108280538074849
130,8336923053748941713
131,173105534662475330
132,3673810682990254904
133,187543240491868163
134,1330870436327515724
135,7745752756122412959
136,3563880658313312090
137,8574138525288979735
138,6473769597179827999
139,8305719816385663625
140,984888215186180655
141,1161131571599261003
142,1657849170660515220
143,4190358250139251035
144,321914447631793837
145,3144213149273258171
146,6039471000682596609
147,9069168256071646449
148,8915609531024272170
149,4791339908537383139
150,4698698622068457840
151,8903317738691622636
152,968890128621781698
153,5148822389524087973
154,3878080335566451831
155,1386175428824779172
156,8586302556055907408
157,9018297517136117662
158,4280612600697318270
159,5018586496871320118
160,400022439520497908
161,8706464344573972750
162,8843615139906047130
163,625724873088025641
164,5743784192406877733
165,3365061225691200912
166,3492797083564536367
167,7559799540867881755
168,1078040145972597853
169,6150505220029872792
170,5691581623644660667
171,6334987631073047155
172,6971995403916613671
173,8458063273849110460
174,8935408979256603480
175,6780880131624655801
176,158418607914285574
177,3250616954741443942
178,1785350964033757493
179,478425864988970064
180,9161184763298861318
181,6684237588060886071
182,8449693732514076695
183,4962633615002647885
184,1130815734127189435
185,5621885386126627148
186,229196295645659912
187,4786646800744196771
188,6372952729517486210
189,4135796491316949917
190,4755783133945618079
191,14424403755703782
192,7069057543862299186
193,4021778540482001477
194,7704133528104172653
195,3671175785191520181
196,4423690188501007413
197,4976717787177849319
198,3937025440902291305
199,5486232068443437607
200,6815459119546894179
201,1132907539913641605
202,8474818131925320279
203,6497888539554816582
204,7286492653564514558
205,6597219331030332694
206,6605510974375574851
207,1500369562826213768
208,1614051186742364030
209,3459100299439366651
210,606659459738796951
211,7527254547185956925
212,8105332887660962542
213,5598019942164141534
214,5882227392626209706
215,101536856384771164
216,6843094066288970132
217,3721716108144934909
218,9153985417953858933
219,662628923299560681
220,2156676856432904502
221,1294069467417703021
222,9015272975181181546
223,3758087531738253942
224,6175984501730178305
225,3284744722833766177
226,4631553798849580734
227,8346134475428510987
228,3470149542119809500
229,1053911494622062202
230,3869747802885685346
231,7790236675994328166
232,4413478735083565473
233,2136818534341904542
234,3536296082076284819
235,5166645966328907332
236,5971473904555959977
237,7660076085607406942
238,5889267905337410795
239,4658574779344920443
240,7385777558487354101
241,2918325109397196085
242,7882044913917355073
243,8995526968141119150
244,2108192777944180337
245,3367326511685398300
246,5310518943082510190
247,7335133896688134942
248,5231273970091051001
249,5357617094751301760
250,8263013962314607305
251,2055773844082527517
252,244651654681686952
253,5653695726254394881
254,4106564052524511328
255,8399493957574851341
256,4213088358263607150
257,4339246948576264681
258,8352559606440076787
259,1286497843838699744
260,4186337977671136559
261,3323141003748253211
262,2981525581426032424
263,584289516409358560
264,673888826738465515
265,1476854586007105934
266,3315542467505167823
267,5056380820829185003
268,4626396471837485067
269,6448739869921441831
270,8967610034709502377
271,3668766155054695074
272,247367995895886306
273,6487587497929698423
274,2064689366289402129
275,936275640018540785
276,8495962351738507583
277,7514391669655174379
278,3955881192667951976
279,2657455588094365531
280,8871410016437864269
281,2011498223834678159
282,4247719400406334226
283,4883429177862641006
284,4606015446255105055
285,2148085026099492823
286,7896087042466578770
287,9135638810928441085
288,1546990098985807900
289,2064827473539306925
290,4265156919951696011
291,7708473366790845344
292,578356982961674968
293,3388392496645574086
294,951067896414193440
295,1966005463961588133
296,210205183737116458
297,8957973117413515341
298,8549333450912917683
299,4218954348540150277
300,2197243985063394447
301,8260512016877137257
302,6471164059508370611
303,2541964475302687048
304,1886571047611372679
305,7922028431679141895
306,390960798755084768
307,2270493219149519753
308,8868998331514419193
309,1286178391680335091
310,1310485850280148683
311,2828872118087792746
312,3114146918042540498
313,6152577756258720400
314,5385580990241401801
315,7003611608828437714
316,5264451167136627968
317,3346554301124321497
318,8161022834354079438
319,4511695179874177050
320,1111083646864689834
321,1205304494407243991
322,3946678326646963662
323,5816594711152211753
324,4058016403225366677
325,7087654372248978348
326,6542876355644093954
327,8533214068063600106
328,6326697665001136043
329,1240408798991489743
330,1363124689270889940
331,6273108446832216106
332,6492364423786091782
333,8545322746212601875
334,9062935172784277913
335,1363402827696029716
336,1013784489018979030
337,1772503261619455718
338,5468093333349656476
339,2939772335717648629
340,7054929673026417490
341,1643238399642173826
342,5261715052641800003
343,2188124803746612140
344,2741685939806601532
345,4588673825552390118
346,3223933377472837622
347,1976101920372715246
348,4737507954780657970
349,2387984471783733139
350,7751290346307198070
351,4874098546280006160
352,3637279197013885732
353,2305878972695177653
354,379839444862758156
355,2926161542645813899
356,9140794398945058658
357,3401566578399755849
358,4383160826155809157
359,2731664303479052903
360,6755591691297892767
361,168769541890648772
362,3436631560228944853
363,6052649531692401393
364,3776338185992067374
365,5973096868692096511
366,2970605308612590552
367,4065497002756517913
368,2116545167306228787
369,7535955221668877018
370,7030967399353933336
371,7500012867729623090
372,7795832886943568312
373,5020946966221158016
374,8637256033367957637
375,6810696950774673467
376,5167431047334307197
377,1643673018806260555
378,6766041016792490934
379,3651814472131322640
380,8587826056434538054
381,3565112912504663060
382,6922005978520939420
383,7307750700885042710
384,3695582192406464564
385,8469921113400525483
386,8232593888076116201
387,3038091059312777497
388,3057683843871869599
389,7371211759945775488
390,6780010989912330030
391,9051654419432122864
392,5056885600855912223
393,5027552077096930499
394,8441561593065818398
395,1624192292981797811
396,6002579051733017938
397,5888689490330563905
398,328174820297595998
399,1298082801054453847
400,112634333776472249
401,1904341191711312278
402,2716626014371031998
403,2164137770351870768
404,5819191486717421905
405,3622130949063260186
406,376260583666251474
407,1931704927664772640
408,7765533129916435449
409,4148657037542171998
410,3791176480127138094
411,2639632950934309955
412,7876167809561883643
413,7445443042791763554
414,4924725456876447612
415,5224193023405252725
416,692129423749387674
417,1817118219620327623
418,8610703640036126438
419,5747124296832917069
420,2338042810493436172
421,5106445459276125707
422,6456951517221851576
423,4704975934768361179
424,659290165697605251
425,2971173098623878299
426,5419448383819386545
427,3073345150002746711
428,320254842641008227
429,357291304332209679
430,8136435241783912571
431,7996654571140717909
432,2116213666119995143
433,4392786302349776807
434,5174775746334844799
435,8379719497859437943
436,52983397059073159
437,8044832550273088464
438,3206151944844923056
439,2466159066352000768
440,7981224579443308258
441,3929907128886547011
442,728832287821161740
443,7179134977796095850
444,2012792931999156989
445,6943643954890060619
446,6362814463653461579
447,2711923135564060904
448,1527050749785635506
449,8475473643481239301
450,7782587147928255292
451,8088162730100143205
452,3162317331523151633
453,4358182795796605341
454,5845674684773440499
455,8280513952168804646
456,5330422724293981518
457,4057169561804319150
458,2250023583429072852
459,1568437462904255033
460,652790716901215251
461,5322283094027221611
462,3465002860473590788
463,3283567399952738110
464,1990330571001122984
465,7974565682186464217
466,3517987803633140911
467,9055391666080111584
468,4853673779372431865
469,7235651478247915761
470,7972943135966063904
471,5747893093021447372
472,8050720287635100638
473,8163507777887501917
474,596175774541763669
475,1093679346100012284
476,7653735499481533691
477,2065973448182038713
478,1425315204693275978
479,4562921959885298938
480,1870120611007103612
481,9026122743315504887
482,7045217958619731935
483,4656188489147219847
484,6550401948634865024
485,6774812677183392921
486,9127523133416513459
487,1808464513973976057
488,5128746363489698881
489,3967755158591818221
490,2528278676980277692
491,1420288512557023777
492,150030233105604287
493,5853624780337058483
494,521139634087329259
495,2123898070978317062
496,3877452223642612586
497,7005323256063802375
498,7239746359407784885
499,2934904604547057961
500,1579659432350415833
501,7964758863925358611
502,3569138028837375369
503,5601377896420078013
504,5598614092489497899
505,8735255060328650119
506,8600236727538826734
507,4640725918196805949
508,9125772138839975682
509,6698088179837725188
510,6933839009896063965
511,6440478342091039794
512,8998736445774373979
513,6832821576255071094
514,8578089916663895667
515,1585691108256087160
516,7205248315525219977
517,5902588260028234103
518,6350298073099161509
519,902657730667612178
520,6220196471894838441
521,8268819136819426351
522,895164581995399282
523,2356879818398569007
524,6738736079825500977
525,7159544006210505200
526,2494853885188100850
527,1532460469422653367
528,6196422654512797534
529,4052577756123131523
530,6126767162050509389
531,1627456296258576662
532,7966176287013051274
533,4195123909755455436
534,1375122853362249787
535,2291042358025220999
536,8913082513275447900
537,3752199816747412356
538,5959790975705305354
539,4768586089467720500
540,9102476260578728892
541,4034848804831369594
542,2857370128352214789
543,5978870850825279817
544,5012225001275316900
545,6470511217849743742
546,7271358789449590628
547,7538938001787744241
548,2500251760332057568
549,6528418880849072446
550,2427909305367571347
551,894369854031833466
552,5887161546915530573
553,5189865073611408182
554,7557301020668612770
555,6901030389329064367
556,3175382330435993220
557,4688092188101089705
558,7602528091327410598
559,6540496537490573322
560,4054064699380599738
561,8589622467815147541
562,3892307229061625523
563,2590443425475632990
564,7522367595596480103
565,7974017500384533231
566,5980310973158707943
567,5949497681607920321
568,8875599318386333252
569,8119488490935099053
570,2617110905008760487
571,3278145258296957695
572,4789206386318773860
573,9066102762090894169
574,5351153582750808204
575,2010549500353111134
576,3922116525771026635
577,8685773119546564589
578,1824633947536403020
579,6040959970548905757
580,2283575311914863994
581,2379468545594880299
582,7105426420532107155
583,1808777837358205769
584,3575996174384191676
585,7574591988351472679
586,7949229111344426644
587,1927061098141260896
588,7129620172620009819
589,6863696048486841092
590,3788250791942591538
591,1736290254312913208
592,3888587501682375195
593,1785458972469604169
594,1168900798489651028
595,1152087653449695535
596,6778479872301886921
597,5393704305455182565
598,9109517618103695505
599,127114261016544666
600,5503672425725372726
601,1227778571105237092
602,9138599540177265070
603,1720346404430509158
604,1960830090685558763
605,9096202590150700979
606,8401530872603381876
607,6135848026813062785
608,5270565136211753965
609,426322497698288495
610,5434277728546221016
611,3941670122942635341
612,256179201667636775
613,5126376739247993858
614,5480703025012484282
615,2871294962403460609
616,3129316357208327572
617,5607368089726387927
618,7543720809345326722
619,2011101328708132141
620,1908587956367124113
621,2560931640480618559
622,5540104308643380256
623,2803299657535916906
624,9057872797793782837
625,7225509465667888398
626,5758880731537902097
627,6308282091159487294
628,5302897295402163342
629,1249940205893084723
630,4105167299166193104
631,3846510735691995681
632,6322331244546212819
633,7829240118218540776
634,5842730674686108388
635,3571596496491096550
636,4183629948966577309
637,6853548318174043643
638,2502142591117409986
639,7644113148642795714
640,5758670505399283334
641,3402024004584439791
642,4175815567133731457
643,2815411283435371285
644,4222439259448920784
645,5681484119672256946
646,6648103935868337422
647,3923273652259141582
648,1309281496039563341
649,1302538809697144380
650,459956800430881481
651,8047039352123796408
652,3043720623741729866
653,7078616577880173308
654,3565246883124696288
655,6955310162183395138
656,6154294150563830364
657,5374799555356513625
658,4934349460985349931
659,7591653424468368563
660,3400878173167466700
661,1609493385021599445
662,7248060565132058726
663,3622488978416069516
664,4049733123175290891
665,4523438738655722714
666,4508921705589046296
667,5253453311440581166
668,6332405979276835312
669,115982806776335177
670,258002716353852286
671,6815888733046960943
672,2593249901173601342
673,7566023699704066896
674,8664031278030165050
675,1958882484488374805
676,8596824583724883009
677,2169187071848848223
678,7808851789916544460
679,5360746391070885028
680,3299855599872603387
681,6930862254220335629
682,3260277506520906400
683,1006132342130922053
